Explicit URL,Rating,Price range,Name,Product sold,Number of reviews,Description,Main image
https://www.aliexpress.com/item/32779408249.html,4.8,US $10.22 - 13.61,SMAEL Brand Men Sports Watches Dual Display Analog Digital LED Electronic Quartz Wristwatches Waterproof Swimming Military Watch,7715 orders,3267 Reviews,"Product description:

1. Brand: SMAEL
2. Dual time shows with LED backlight function
3. 50M Water Resistant
4. Type: Men Sports Watches
5. Movement: Japan Original Digital Movement
6. There are 11 colors for selection
8. Band Width: (approx) 2.1cm
9. Dial Diameter: (approx) 4.8cm
10. Strap Material: Strong PU
11. Case Material: Strong Rubber + High Strength Hardened Glass
12. Clasp: Buckle
13. Showing precise time
14. It is good gift for someone special
Note: we suggest you not wear it when swim .but  if  you go to swim or dive , pls don't  press any button underwater!
Components Included:
-1 x Genuine SMAEL Watch
-1 x Use Manual",https://ae01.alicdn.com/kf/HTB1Pen9QVXXXXX0aXXXq6xXFXXXC/SMAEL-Brand-Men-Sports-Watches-Dual-Display-Analog-Digital-LED-Electronic-Quartz-Wristwatches-Waterproof-Swimming-Military.jpg_Q90.jpg_.webp
https://www.aliexpress.com/item/32881453818.html,4.7,US $10.22,SMAEL Men Military Watch 50m Waterproof Wristwatch LED Quartz Clock Male relogios masculino 1617 Digital Sports Watches Men's,1797 orders,889 Reviews,"Product description:
2. Dual time shows with LED backlight function
3. 30M Water Resistant , Can Swim With It.
4. Type: Men Sports Watches
5. Movement: Japan Original Digital Movement
6. There are 17 colors for selection
8. Band Width: (approx) 2.1cm
9. Dial Diameter: (approx) 4.8cm
10. Strap Material: Strong PU
11. Case Material: Strong Rubber + High Strength Hardened Glass
12. Clasp: Buckle
13. Showing precise time
14. It is good gift for someone special
Note: we suggest you not wear it when swim .but  if  you go to swim or dive , pls don't  press any button underwater!
Components Included:
-1 x Genuine SMAEL Watch
-1 x Use Manual",https://ae01.alicdn.com/kf/H37d410d6cf974a3db1ef06b41c2df07eo/SMAEL-Men-Military-Watch-50m-Waterproof-Wristwatch-LED-Quartz-Clock-Male-relogios-masculino-1617-Digital-Sports.jpg_Q90.jpg_.webp
https://www.aliexpress.com/item/32965194084.html,4.8,US $11.99 - 13.99,SMEAL Men Sport Watches Digital Double Time Chronograph Watch Mens LED Chronometre Week Display Wristwatches montre homme Hour,924 orders,477 Reviews,"Product description:
1. Brand: SMAEL
2. Dual time shows with LED backlight function
3. 30M Water Resistant , Can Swim With It.
4. Type: Men Sports Watches
5. Movement: Japan Original Digital Movement
6. There are 10 colors for selection
8. Band Width: (approx) 2.2cm
9. Dial Diameter: (approx) 4.6cm
10. Strap Material: Strong PU
11. Case Material: Strong Rubber + High Strength Hardened Glass
12. Clasp: Buckle
13. Showing precise time
14. It is good gift for someone special
Note: we suggest you not wear it when swim .but  if  you go to swim or dive , pls don't  press any button underwater!
Components Included:
-1 x Genuine SMAEL Watch
-1 x Use Manual",https://ae01.alicdn.com/kf/H1de718a3d20b4034971368bf86d92b350/SMEAL-Men-Sport-Watches-Digital-Double-Time-Chronograph-Watch-Mens-LED-Chronometre-Week-Display-Wristwatches-montre.jpg_Q90.jpg_.webp
https://www.aliexpress.com/item/32821131100.html,4.7,US $11.29,men sport watches SMAEL brand dual display watch men LED digital analog electronic quartz watches 30M waterproof male clock,387 orders,201 Reviews,"1. Brand: SMAEL
2. Dual time shows with LED backlight function
3. 30M Water Resistant , Can Swim With It.
4. Type: Men Sports Watches
5. Movement: Japan Original Digital Movement
6. There are 7 colors for selection
8. Band Width: (approx) 2.1cm
9. Dial Diameter: (approx) 4.8cm
10. Strap Material: Strong PU
11. Case Material: Strong Rubber + High Strength Hardened Glass
12. Clasp: Buckle
13. Showing precise time
14. It is good gift for someone special
Note: we suggest you not wear it when swim .but  if  you go to swim or dive , pls don't  press any button underwater!
Components Included:
-1 x Genuine SMAEL Watch
-1 x Use Manual",https://ae01.alicdn.com/kf/H277e8446369c48059e39b335a164e1941/men-sport-watches-SMAEL-brand-dual-display-watch-men-LED-digital-analog-electronic-quartz-watches-30M.jpg_Q90.jpg_.webp
https://www.aliexpress.com/item/33052032631.html,4.7,US $9.22,SMAEL Mens Watch Military Waterproof Sport Wrist Watch Digital Stopwatches For Men 1802 Military Watches Male Relogio Masculino,2275 orders,1299 Reviews,"Product description:

1. Brand: SMAEL
2. LED backlight function
3. 30M Water Resistant , Can Swim With It.
4. Type: Men Sports Watches
5. Movement: Japan Original Digital Movement
6. There are 8 colors for selection
8. Band Width: (approx) 2.2cm
9. Dial Diameter: (approx) 5.7m
10. Strap Material:PU
11. Case Material: Strong Rubber + High Strength Hardened Glass
12. Clasp: Buckle
13. Showing precise time
14. It is good gift for someone special
Note: we suggest you not wear it when swim .but  if  you go to swim or dive , pls don't  press any button underwater!
Components Included:
-1 x Genuine SMAEL Watch
-1 x Use Manual",https://ae01.alicdn.com/kf/H779726819af04b1f94c22898f9e9532fC/SMAEL-Mens-Watch-Military-Waterproof-Sport-Wrist-Watch-Digital-Stopwatches-For-Men-1802-Military-Watches-Male.jpg_Q90.jpg_.webp