title,body_html
,"<p>Discover our premium collection designed to meet all your needs with exceptional quality and style. Each product is crafted with attention to detail, ensuring value and satisfaction. Perfect for everyday use or special occasions, this selection offers versatility and reliability. Elevate your lifestyle with pieces made to last and impress. Shop now and experience excellence in every purchase.</p>"
,"<p>Discover the ultimate solution for your daily needs with this exceptional product. Crafted with high-quality materials, it ensures durability and long-lasting performance. Ideal for both personal and professional use, it combines functionality with a sleek design to enhance your lifestyle. Don't miss out on the chance to experience convenience and efficiency like never before. Perfect as a gift or a personal treat, this item is a must-have addition to your collection.</p>"
,"<p>Discover the perfect solution to your everyday chaos with our Messy Supplier Organizer. Crafted to help you declutter and streamline your workspace, this organizer combines functionality with a sleek design. Featuring multiple compartments, durable materials, and an easy-to-clean surface, it's ideal for keeping your essentials neatly arranged. Transform your messy area into a tidy, efficient space and boost your productivity with this must-have organizer.</p>"
,"<p>Upgrade your workspace with this stylish and functional desk organizer. Designed to keep your essentials neatly arranged, it features multiple compartments for pens, notepads, and other office supplies. Crafted from durable materials, it complements any décor while helping you maintain a clutter-free desk. Perfect for home offices, study areas, or professional settings.</p>"
,"<p>Discover the perfect blend of style and function with our carefully crafted product. Designed to meet your everyday needs, it offers excellent durability and a sleek appearance. Whether for personal use or as a thoughtful gift, this item will exceed your expectations and bring lasting satisfaction. Upgrade your collection today with this must-have addition!</p>"
,"<p>Discover our premium-quality product, crafted to meet all your needs with durability and style. Perfect for everyday use, it combines functionality with a sleek design to enhance your lifestyle. Whether for personal use or as a thoughtful gift, this item guarantees satisfaction and long-lasting performance. Experience unmatched comfort and reliability with every use. Don't miss out on owning this essential addition to your collection.</p>"
,"<p>Discover the perfect blend of style and comfort with this exquisite product. Crafted with attention to detail and premium materials, it offers durability and elegance for everyday use. Whether for casual outings or special occasions, this item is designed to enhance your wardrobe effortlessly. Experience quality like never before and make it an essential part of your collection today.</p>"
,"<p>Discover the perfect blend of style and comfort with our latest collection. Expertly crafted from high-quality materials, these pieces are designed to elevate your wardrobe with effortless elegance. Whether you're dressing up for a special occasion or keeping it casual, our versatile products ensure you look and feel your best. Experience unmatched durability, contemporary designs, and a perfect fit with every purchase. Upgrade your fashion essentials today and enjoy timeless style that lasts.</p>"
,"<p>Discover the perfect blend of style and comfort with our latest collection. Crafted from premium materials, these products are designed to elevate your everyday look while ensuring long-lasting durability. Whether you're dressing up for a special occasion or keeping it casual, our versatile pieces are a must-have addition to your wardrobe. Shop now and experience exceptional quality and timeless fashion that fits seamlessly into your lifestyle.</p>"
,"<p>Discover effortless style with our latest collection, designed to complement your everyday look. Crafted with high-quality materials for durability and comfort, each piece promises a perfect fit and timeless appeal. Whether you're dressing up for a special occasion or keeping it casual, our products offer versatile options that seamlessly blend fashion with function. Elevate your wardrobe with items that are as unique as you are. Shop now and experience the difference in quality and design.</p>"
,"<p>Discover the perfect blend of style and comfort with our versatile collection. Crafted with premium materials, each piece ensures durability and a flawless fit. Ideal for any occasion, this collection offers timeless designs that elevate your everyday look. Experience superior quality and unmatched elegance that effortlessly complements your wardrobe. Upgrade your style today and enjoy lasting comfort all day long.</p>"
,"<p>Discover the perfect blend of style and comfort with our latest collection. Crafted from high-quality materials, each piece offers durability and a flattering fit. Whether you're dressing up for a special occasion or keeping it casual, our versatile designs ensure you always look your best. Shop now and elevate your wardrobe with timeless essentials made just for you.</p>"
,"<p>Elevate your style with this versatile and chic accessory. Designed for everyday wear, it seamlessly combines functionality and fashion. Perfect for adding a touch of elegance to any outfit, this piece is crafted with quality materials to ensure durability and comfort. Whether you're dressing up for a special occasion or going casual, this accessory will be your go-to choice for effortless sophistication.</p>"
,"<p>Discover the perfect blend of style and functionality with our premium product. Designed to meet all your needs, it offers exceptional quality and durability. Ideal for everyday use or special occasions, this item will quickly become an essential part of your collection. Experience comfort and elegance like never before—shop now and elevate your lifestyle.</p>"
,"<p>Discover the perfect blend of style and functionality with our premium product. Crafted with attention to detail, this item offers exceptional quality and durability, making it an essential addition to your collection. Whether for everyday use or special occasions, enjoy unparalleled comfort and a timeless design that complements any look.</p>"
,"<p>Experience the perfect blend of style and comfort with our versatile collection. Crafted from high-quality materials, each piece is designed to elevate your wardrobe effortlessly. Whether you're dressing up for a special occasion or keeping it casual, discover timeless designs that suit every mood and moment.</p>"
